Họ Tên,Toán,Văn,Anh,Trung binh,Xep loai
An,8.5,7.5,9.0,8.333333333333334,Giỏi
Bình,6.0,8.0,7.0,7.0,Khá
Cường,7.2,6.8,8.5,7.5,Khá
Dung,9.1,9.0,8.8,8.966666666666667,Giỏi
Hoa,5.5,5.2,6.0,5.566666666666666,Trung bình
